{
	"ImportPath": "bitbucket.org/mcplusa-ondemand/firehose-to-sumologic",
	"GoVersion": "go1.7",
	"GodepVersion": "v75",
	"Deps": [
		{
			"ImportPath": "github.com/Sirupsen/logrus",
			"Comment": "v0.10.0",
			"Rev": "4b6ea7319e214d98c938f12692336f7ca9348d6b"
		},
		{
			"ImportPath": "github.com/Sirupsen/logrus/hooks/syslog",
			"Comment": "v0.10.0",
			"Rev": "4b6ea7319e214d98c938f12692336f7ca9348d6b"
		},
		{
			"ImportPath": "github.com/alecthomas/template",
			"Rev": "b867cc6ab45cece8143cfcc6fc9c77cf3f2c23c0"
		},
		{
			"ImportPath": "github.com/alecthomas/template/parse",
			"Rev": "b867cc6ab45cece8143cfcc6fc9c77cf3f2c23c0"
		},
		{
			"ImportPath": "github.com/alecthomas/units",
			"Rev": "6b4e7dc5e3143b85ea77909c72caf89416fc2915"
		},
		{
			"ImportPath": "github.com/boltdb/bolt",
			"Comment": "v1.0-47-g4d30731",
			"Rev": "4d30731e9122988d2012a9574c43f80f054a0d3b"
		},
		{
			"ImportPath": "github.com/cloudfoundry-community/go-cfclient",
			"Rev": "c783aa0efe78706e9d98ffc4a84f0d42cd322ac8"
		},
		{
			"ImportPath": "github.com/cloudfoundry/noaa",
			"Rev": "0ca0d30d65c7422750132450593d402428dd2273"
		},
		{
			"ImportPath": "github.com/cloudfoundry/noaa/consumer",
			"Rev": "0ca0d30d65c7422750132450593d402428dd2273"
		},
		{
			"ImportPath": "github.com/cloudfoundry/noaa/consumer/internal",
			"Rev": "0ca0d30d65c7422750132450593d402428dd2273"
		},
		{
			"ImportPath": "github.com/cloudfoundry/noaa/errors",
			"Rev": "0ca0d30d65c7422750132450593d402428dd2273"
		},
		{
			"ImportPath": "github.com/cloudfoundry/sonde-go/events",
			"Rev": "81c3f6be579cf4337477a8b0d03852d0760b5801"
		},
		{
			"ImportPath": "github.com/gogo/protobuf/gogoproto",
			"Comment": "v0.2-56-ga4cceea",
			"Rev": "a4cceea7a401a73fefafd1a21fedbd4694124a82"
		},
		{
			"ImportPath": "github.com/gogo/protobuf/proto",
			"Comment": "v0.2-56-ga4cceea",
			"Rev": "a4cceea7a401a73fefafd1a21fedbd4694124a82"
		},
		{
			"ImportPath": "github.com/gogo/protobuf/protoc-gen-gogo/descriptor",
			"Comment": "v0.2-56-ga4cceea",
			"Rev": "a4cceea7a401a73fefafd1a21fedbd4694124a82"
		},
		{
			"ImportPath": "github.com/gorilla/websocket",
			"Comment": "v1.0.0-20-ga69d25b",
			"Rev": "a69d25be2fe2923a97c2af6849b2f52426f68fc0"
		},
		{
			"ImportPath": "github.com/mailru/easyjson",
			"Rev": "159cdb893c982e3d1bc6450322fedd514f9c9de3"
		},
		{
			"ImportPath": "github.com/mailru/easyjson/buffer",
			"Rev": "159cdb893c982e3d1bc6450322fedd514f9c9de3"
		},
		{
			"ImportPath": "github.com/mailru/easyjson/jlexer",
			"Rev": "159cdb893c982e3d1bc6450322fedd514f9c9de3"
		},
		{
			"ImportPath": "github.com/mailru/easyjson/jwriter",
			"Rev": "159cdb893c982e3d1bc6450322fedd514f9c9de3"
		},
		{
			"ImportPath": "github.com/pkg/profile",
			"Comment": "v1.0.0-9-g8a808a6",
			"Rev": "8a808a6967b79da66deacfe508b26d398a69518f"
		},
		{
			"ImportPath": "golang.org/x/net/context",
			"Rev": "7dbad50ab5b31073856416cdcfeb2796d682f844"
		},
		{
			"ImportPath": "golang.org/x/oauth2",
			"Rev": "2baa8a1b9338cf13d9eeb27696d761155fa480be"
		},
		{
			"ImportPath": "golang.org/x/oauth2/internal",
			"Rev": "2baa8a1b9338cf13d9eeb27696d761155fa480be"
		},
		{
			"ImportPath": "golang.org/x/sys/unix",
			"Rev": "9d4e42a20653790449273b3c85e67d6d8bae6e2e"
		},
		{
			"ImportPath": "gopkg.in/alecthomas/kingpin.v2",
			"Comment": "v2.1.11",
			"Rev": "8cccfa8eb2e3183254457fb1749b2667fbc364c7"
		}
	]
}
